variable,count,mean,std,min,25%,50%,75%,max,original
dummy1,1000.0,-0.00034674510146776423,0.009824282540159603,-0.0410900242388834,-0.007176522385503775,-0.00034670172204615,0.005924525211822225,0.0270067601942187,0.0135057190252041
dummy2,1000.0,-0.0005051591518648374,0.010640208126923857,-0.0385632651811675,-0.007588583007714625,-0.0004309738091379,0.006465337636441824,0.0371091653284523,0.0135472112323462
x1,1000.0,-0.05743922767619077,3.0331023975647704,-10.601130589059268,-2.044673232848527,0.0338621802208011,1.7433801202346475,28.204208610984114,28.204208610984114
x2,1000.0,-0.2182880159171509,7.745792277198948,-25.070599788217866,-5.271287141119029,-0.23069048033256306,4.649959521724718,75.05279673630878,75.05279673630878
x3,1000.0,0.0044739893923935025,1.9292818194854482,-5.657135634076356,-1.2584008121403052,-0.01387660999160005,1.2882848448322477,17.757209918124563,17.757209918124563
